{
  "Debug Sampler" : {
    "transaction" : "Debug Sampler",
    "sampleCount" : 20,
    "errorCount" : 0,
    "errorPct" : 0.0,
    "meanResTime" : 3.8999999999999995,
    "medianResTime" : 1.0,
    "minResTime" : 0.0,
    "maxResTime" : 14.0,
    "pct1ResTime" : 11.900000000000002,
    "pct2ResTime" : 13.899999999999999,
    "pct3ResTime" : 14.0,
    "throughput" : 14.970059880239521,
    "receivedKBytesPerSec" : 11.535279051272454,
    "sentKBytesPerSec" : 0.0
  },
  "Total" : {
    "transaction" : "Total",
    "sampleCount" : 40,
    "errorCount" : 0,
    "errorPct" : 0.0,
    "meanResTime" : 163.97500000000002,
    "medianResTime" : 52.5,
    "minResTime" : 0.0,
    "maxResTime" : 840.0,
    "pct1ResTime" : 718.8999999999999,
    "pct2ResTime" : 826.8499999999997,
    "pct3ResTime" : 840.0,
    "throughput" : 17.881090746535538,
    "receivedKBytesPerSec" : 29.423911069512737,
    "sentKBytesPerSec" : 2.881230442556996
  },
  "HTTP Request" : {
    "transaction" : "HTTP Request",
    "sampleCount" : 20,
    "errorCount" : 0,
    "errorPct" : 0.0,
    "meanResTime" : 324.05,
    "medianResTime" : 146.5,
    "minResTime" : 91.0,
    "maxResTime" : 840.0,
    "pct1ResTime" : 822.7000000000002,
    "pct2ResTime" : 839.55,
    "pct3ResTime" : 840.0,
    "throughput" : 8.94854586129754,
    "receivedKBytesPerSec" : 22.55487975391499,
    "sentKBytesPerSec" : 2.883808724832215
  }
}