{
  "Debug Sampler" : {
    "transaction" : "Debug Sampler",
    "sampleCount" : 2000,
    "errorCount" : 0,
    "errorPct" : 0.0,
    "meanResTime" : 0.1535000000000002,
    "medianResTime" : 0.0,
    "minResTime" : 0.0,
    "maxResTime" : 24.0,
    "pct1ResTime" : 0.0,
    "pct2ResTime" : 1.0,
    "pct3ResTime" : 2.0,
    "throughput" : 10.064462884776995,
    "receivedKBytesPerSec" : 7.77181460535983,
    "sentKBytesPerSec" : 0.0
  },
  "Total" : {
    "transaction" : "Total",
    "sampleCount" : 4000,
    "errorCount" : 0,
    "errorPct" : 0.0,
    "meanResTime" : 39.434499999999915,
    "medianResTime" : 42.5,
    "minResTime" : 0.0,
    "maxResTime" : 1339.0,
    "pct1ResTime" : 76.0,
    "pct2ResTime" : 80.0,
    "pct3ResTime" : 98.98999999999978,
    "throughput" : 19.97233831143866,
    "receivedKBytesPerSec" : 32.881573278821335,
    "sentKBytesPerSec" : 3.218199044323612
  },
  "HTTP Request" : {
    "transaction" : "HTTP Request",
    "sampleCount" : 2000,
    "errorCount" : 0,
    "errorPct" : 0.0,
    "meanResTime" : 78.7155000000001,
    "medianResTime" : 71.0,
    "minResTime" : 61.0,
    "maxResTime" : 1339.0,
    "pct1ResTime" : 80.0,
    "pct2ResTime" : 84.0,
    "pct3ResTime" : 255.63000000000034,
    "throughput" : 9.98616915571933,
    "receivedKBytesPerSec" : 25.1702173739371,
    "sentKBytesPerSec" : 3.218199044323612
  }
}