{
  "Debug Sampler" : {
    "transaction" : "Debug Sampler",
    "sampleCount" : 10,
    "errorCount" : 0,
    "errorPct" : 0.0,
    "meanResTime" : 4.8,
    "medianResTime" : 2.5,
    "minResTime" : 0.0,
    "maxResTime" : 13.0,
    "pct1ResTime" : 13.0,
    "pct2ResTime" : 13.0,
    "pct3ResTime" : 13.0,
    "throughput" : 11.520737327188941,
    "receivedKBytesPerSec" : 8.876818116359447,
    "sentKBytesPerSec" : 0.0
  },
  "Total" : {
    "transaction" : "Total",
    "sampleCount" : 20,
    "errorCount" : 0,
    "errorPct" : 0.0,
    "meanResTime" : 141.04999999999998,
    "medianResTime" : 50.5,
    "minResTime" : 0.0,
    "maxResTime" : 694.0,
    "pct1ResTime" : 661.7000000000004,
    "pct2ResTime" : 693.35,
    "pct3ResTime" : 694.0,
    "throughput" : 11.918951132300357,
    "receivedKBytesPerSec" : 19.61272720500596,
    "sentKBytesPerSec" : 1.9205341179976163
  },
  "HTTP Request" : {
    "transaction" : "HTTP Request",
    "sampleCount" : 10,
    "errorCount" : 0,
    "errorPct" : 0.0,
    "meanResTime" : 277.29999999999995,
    "medianResTime" : 114.5,
    "minResTime" : 88.0,
    "maxResTime" : 694.0,
    "pct1ResTime" : 692.7,
    "pct2ResTime" : 694.0,
    "pct3ResTime" : 694.0,
    "throughput" : 5.966587112171838,
    "receivedKBytesPerSec" : 15.038829430190932,
    "sentKBytesPerSec" : 1.9228259248210025
  }
}